{"freqs": [8.0, 10.0, 12.0, 15.0], "win_sec": 3.0, "step_sec": 0.25, "enter_score_th": 0.994221, "enter_ratio_th": 1.001054, "enter_margin_th": 0.000402, "exit_score_th": 0.84508785, "exit_ratio_th": 0.9510013, "min_enter_windows": 2, "min_exit_windows": 2, "enter_log_lr_th": -1000000.0, "exit_log_lr_th": -1000000.0, "control_feature_means": {"top1_score": 0.9942205224408834, "ratio": 1.0004048198559798, "margin": 0.00040231734265805397, "normalized_top1": 0.4844092457340603, "score_entropy": 0.6002073639605382}, "control_feature_stds": {"top1_score": 1e-06, "ratio": 1e-06, "margin": 1e-06, "normalized_top1": 1e-06, "score_entropy": 1e-06}, "idle_feature_means": {"top1_score": 0.9958624445712342, "ratio": 1.0010535511487824, "margin": 0.001048087808392717, "normalized_top1": 0.4798164588635813, "score_entropy": 0.62257479223273}, "idle_feature_stds": {"top1_score": 1e-06, "ratio": 1e-06, "margin": 1e-06, "normalized_top1": 1e-06, "score_entropy": 1e-06}, "saved_at": "2026-04-07T19:12:19"}
